{"queries": [[[0.7568145140318818, -0.9406817732635092], [1.769451374038473, -0.9116550623898421], [1.8661835681128536, 0.6025814140562978]], [[0.5866493841835547, -0.36339359142428757], [0.23569717049541247, -0.5597841174551036], [0.5483185961131775, -0.3892917419686401]]], "keys": [[[-2.2538105167525955, -1.0645904286661103], [-0.08064574158219763, 0.4023086428338018], [-0.892587829736262, -1.9999977918470002], [0.30474216446101005, 0.4019244601536174], [-0.614541368331392, -1.2751128338790234]], [[-1.4598134161928722, -0.14640484084367686], [-1.0005408238685973, 0.2842668872897253], [-0.7026407760372666, -0.8726019165702644], [-0.5294123009127832, 0.9647810947668103], [-0.9869794793673864, 0.4493669724667603]]], "values": [[[-1.7519703208940531, -1.603842155680452], [0.5942462537801816, 1.3134188227132357], [0.6391814987323269, 1.0032888068286077], [0.37281050565872187, -0.94684340748494], [-0.2595529386750853, -0.35218536234632414]], [[-0.6545685051249167, -0.242370667235822], [0.6454307054616428, 1.2828652307246584], [0.27862681928250793, -1.0398590010570803], [0.359522015078788, 1.6662751034593328], [-1.793122278766435, -0.48623766032391236]]], "output": [[[0.1228136271238327, 0.14300334453582764], [0.26598671078681946, 0.11389785259962082], [0.38478583097457886, -0.08872542530298233]], [[-0.16494245827198029, 0.13024377822875977], [-0.18048660457134247, 0.037906914949417114], [-0.16648535430431366, 0.11781253665685654]]], "weights": [[[0.09695513546466827, 0.11691981554031372, 0.37424197793006897, 0.14373677968978882, 0.268146276473999], [0.02826736867427826, 0.16652311384677887, 0.283682644367218, 0.26977160573005676, 0.2517552673816681], [0.00994707178324461, 0.32701191306114197, 0.04024427756667137, 0.5436944365501404, 0.07910224795341492]], [[0.16999198496341705, 0.1841229647397995, 0.28046438097953796, 0.18794991075992584, 0.17747071385383606], [0.19882552325725555, 0.1810005158185959, 0.30068671703338623, 0.14955341815948486, 0.16993381083011627], [0.17315343022346497, 0.1837719976902008, 0.2836241126060486, 0.18291765451431274, 0.1765327900648117]]]}