{"output": [[[-0.5246317386627197, -0.10775024443864822, 0.033127959817647934, -0.5490248799324036, -0.16862450540065765, -0.16868071258068085, -0.2916557192802429, -1.3725045919418335], [-0.03218190371990204, 0.022915983572602272, -1.2075181007385254, 0.6732829213142395, -0.45378199219703674, -0.08632758259773254, -0.41393741965293884, -0.919076144695282], [0.27988940477371216, 0.058166682720184326, -0.5138406157493591, 0.03870147094130516, 0.5612972974777222, -0.0705941841006279, -0.2779857814311981, -1.162642240524292]], [[0.8770015239715576, 0.5850421786308289, -0.1495259553194046, 0.4185110926628113, 0.1175808310508728, 0.3416708707809448, -0.34781304001808167, 0.10453856736421585], [0.2036600559949875, -0.15048746764659882, -0.01727881468832493, 0.1312207728624344, -0.509326159954071, -0.07360519468784332, -0.148659810423851, -0.25658491253852844], [-0.0785459578037262, 0.19411581754684448, 0.20153000950813293, 0.1901312619447708, -0.3952476382255554, -0.09269294142723083, 0.008046015165746212, -0.6706938743591309]]], "queries": [[[0.3194274270052471, -1.9223442515664235, 0.13904186090425594, 0.8371305264898589, 0.26401779963192845, -0.4117918851319261, 1.6012595404844467, -2.2479409650447604], [0.2840072595068634, 0.8109092983736957, 2.1954746340254587, -1.2257152698177909, -0.08742599098496921, 0.512182590036912, 0.11973257523499023, -0.3678221283548413], [-1.9344069149491436, 0.4214911545153706, 0.9556532166835882, 0.16317201388513125, -1.4336452792247703, -1.4018675181281455, 0.11520895752868934, -0.998397163741954]], [[2.2777223384038074, 0.3603290221954585, -0.5029542532879165, 1.4180490199685696, -1.6580942009574349, 0.3386894843553686, -0.33204546321853057, 0.22268187807211853], [-1.0949294712578133, -0.5619910633705743, 0.22451875262476312, 1.0043500081435404, 2.2710065381131903, 0.9530366629108166, -0.07781000131900821, -0.6529063960363948], [0.25387920609539383, -0.5611232519239844, -0.15575252729029782, 0.26182678004096377, 0.16017957265543506, 0.6840119713808136, 1.3642227040612827, -0.18800920955890274]]], "keys": [[[-0.5898589630874801, 0.7889801053785874, 2.0923819353056836, -0.6393760556642023, -0.053192114864584264, -1.184443238827274, 2.1921885399202, -0.04766041705469036], [1.4517480875342899, 0.17683159748682584, -0.97347685232994, 0.20814248974948632, 0.8215674621794792, 0.13599259903879354, 1.2159406479425043, 2.0299302024758865], [-0.5803237678688972, 0.7740658049440353, -0.7209397448236692, 0.5308770147654643, 0.9324823726381326, -0.6360869416484872, 0.5349322735714923, 0.772719502162348], [-0.39818941036740974, 0.5645370536805914, 0.32033435946303923, 1.91869729051839, 0.5622533436776598, 0.24485565393796552, 0.7060886580479199, -0.33563854885852923], [-0.10184558541295038, 0.9044345182512911, 0.31160489640858013, 1.3990705593902717, 0.512349799696173, 0.3397200986189287, 0.36882081287123303, 0.24859297359863602]], [[-1.5646836897735286, 1.8646979987032584, 1.0226512373664294, -1.2337124747993822, -1.3097235723365321, -0.14175656254391852, -0.7247675488122722, -0.24858938084779458], [-0.08419956264039889, 1.0189703681623181, 0.21904284641756963, -0.565632402544569, 1.068328160114735, -0.22030633310160888, -2.1334492515879337, -2.0770974848695536], [-0.24991223623681327, 0.5209072032347402, -0.03634149412932788, -1.4945061435913691, -1.764390877394693, 0.052975662394942585, -0.03857393725293331, -0.6041617183500434], [0.42013554549113974, -0.4426627926466797, 1.056090755674784, -0.2153023211021123, -0.7976045280757305, -1.1625230635953778, -0.09417464971719552, 0.485285199110894], [1.0549656044534956, 1.3993288979265377, -0.26163411986883045, -0.17477661263182775, 0.43052961696990283, 2.529900705666042, -1.1059117536108698, 2.3844123852304406]]], "values": [[[1.2958050537781218, -0.5397587938464922, -1.2411593972411352, 0.6960576609402678, 1.2094702511994904, 0.06738603627771655, -0.425421714414427, -1.3406127949861915], [-1.6261160458796935, -0.47666751254662454, -0.23505388760804094, 2.192872391541756, -0.4013741407993602, 0.30211744189388134, -1.7144404146136416, 1.4473381116148234], [-1.1548467053912241, 0.040684608634628194, -0.5290236503345951, -0.4066565457136003, 0.10154709826225888, -0.8989960885800464, -0.14063859612110702, -1.2025679448505773], [0.6679410047465706, 0.6794994568033029, 0.6674072570030148, -2.6360821373574788, -1.2434530045653551, -1.2844944062635058, 0.2839416433795298, -1.8124305900471425], [0.6791872848266586, 0.4260006937454436, 0.04447698707660998, 0.5773129121458931, -1.11266142994651, 1.1782645414652884, -0.598128895593226, -0.6664804261109919]], [[1.188090664178718, -1.3402074582418317, 1.0954029706889596, 0.07752124708908698, 1.4085165092121372, 0.5448914399838257, 0.1408543478228272, 1.2361222579263214], [-0.6854780489257932, -0.5531703757377959, -0.2924416780090112, 0.9435528803795352, 1.2110011700805712, 1.5346556149205293, -0.32955101490283495, 0.03278081418991892], [0.027543951483365036, 2.155672721277574, 1.7634360768396038, -0.6050090409746256, -0.3465915169875052, 0.5733717614716713, -0.09158177035801474, -2.7347970904266337], [-1.1082059043051353, -0.5526554855544211, -0.46628172358862824, -1.245169957953069, -0.3085131775759757, -0.6191207731760496, 0.49009184615471635, 0.12301677150380383], [1.62791171323798, 0.8843042678528971, -0.6205652735038195, 1.4454372781101044, -1.2827056981047396, -0.7790133281118232, -1.2690439365615782, 0.8358518061648079]]]}