{"inputs": [[[0.2841879809955566, -0.8139630319930933, -2.3236730386353375, 0.011535520549498945], [0.12866399877504436, -0.9089874605551281, -0.4294283117668086, 0.12445062548996579], [-0.6892968930700646, -0.22740660528720644, 0.23810752791612652, 1.437984695452255]], [[-0.6974291363980137, 0.39867415935994155, -0.998269271379269, -0.2923702105681359], [0.9980797251527788, -0.18676984608682437, -0.505404494723029, 0.9143668591728924], [-0.24278077989487257, 0.1159503089961709, 0.11467259507054212, 0.8258232459785467]]], "output": [[[1.1256589889526367, -0.2736607789993286, -2.313673257827759, 1.0114854574203491], [1.0379613637924194, -1.32513427734375, -0.4094296395778656, 1.1242506504058838], [-0.5481768846511841, -1.2173991203308105, 0.2681030333042145, 2.437534809112549]], [[0.14404189586639404, 0.9389764070510864, -0.9882694482803345, 0.7075797915458679], [1.9073771238327026, -0.6029166579246521, -0.4854058027267456, 1.9141669273376465], [-0.10166077315807343, -0.8740422129631042, 0.1446680873632431, 1.8253732919692993]]]}