{"inputs": [[[-1.3702332115082376, -2.4429925540314095, 0.45380062106110974, -0.41528812653811825, -1.6342437104559, 0.2645424788221865], [0.570188492961689, -1.0934129003976676, -1.0483373257041018, 1.8927986240716832, 1.167973115687023, 1.2565275197983876], [0.22407564895486154, 0.9668081694416605, -0.1674696917487785, -1.1751763300224924, 1.5125989836190825, -1.628791337566757], [-2.3279301755804447, -0.6743820252643327, 0.30823283535961854, 0.5148064462273634, -0.08880789161422287, -0.47917197527327005], [-1.512583026929165, -1.4572451360293381, 1.3505836300461604, -0.7582760993446085, -0.5892077785724741, -0.08871983345871762]], [[-0.0097422411659953, -2.2501728740430886, -0.37250463043420246, 0.1437519662586601, 1.1775478246523967, 0.12540659967678774], [1.1445095267264966, 0.6097394436734916, -0.09180907865747658, 0.2058717827432977, 2.56622270010743, 0.19243672358584651], [-0.8328783363376664, 1.0410539224662043, -1.113083741008717, 0.16627878235958518, -1.413526575834892, 0.03735555411425047], [-1.0499874057121528, 0.10438609112258646, -0.2647144876534182, 0.5877625270325011, -1.9440115572208956, 0.2535885170856571], [-1.0570019691414627, 0.5391254224542747, 0.8863348531267699, 0.37317736897351567, 0.9305629566158702, 1.4900248728211396]]], "output": [[[-0.5198465585708618, -2.356113910675049, 0.33318281173706055, -0.4533645212650299, -1.76767897605896, -0.9081472158432007], [-0.016322731971740723, -1.9551059007644653, -0.5477793216705322, 2.6905665397644043, 2.101447582244873, 1.7712162733078003], [0.45929715037345886, 1.7488415241241455, 0.6284795999526978, -1.2217763662338257, 2.1952433586120605, -1.3790686130523682], [-2.0094571113586426, -0.2152107208967209, 0.9497942924499512, 0.5733492374420166, 0.24867182970046997, -0.7303532958030701], [-0.7355549335479736, -1.1382290124893188, 1.4493608474731445, -1.037660002708435, -0.4737897217273712, -0.8988942503929138]], [[0.4152064323425293, -2.2324113845825195, -0.17245566844940186, -0.2166643738746643, 1.2132588624954224, 0.0019379034638404846], [1.5270273685455322, 1.3826839923858643, 0.9374934434890747, 0.09771943092346191, 2.8131566047668457, 0.3000572919845581], [-2.6157491207122803, 0.1586429476737976, 0.9507004022598267, 0.8850656151771545, -2.2839276790618896, 0.8222046494483948], [-2.547969102859497, -0.7180036306381226, 1.092290997505188, 0.0888654887676239, -2.354994058609009, 0.6243776679039001], [-1.4476604461669922, 0.7066018581390381, 1.3390820026397705, -0.5481504201889038, 1.5792856216430664, 1.681617259979248]]]}