{"decoder_inputs": [[[-0.43241077184304977, 0.1586999565358803, -0.8761111598215587, 0.763131907749561, -0.8459321772302711, -0.3794276487805159], [-0.9330533050119365, 0.38698499191100905, 0.7174819897383943, 1.3829225874482074, 0.05521407231914396, 1.10968259933925], [0.8669818683948396, -0.3917775325584208, -0.49527488169475026, -0.5626042135185644, -0.4941303097334601, 0.053999525244551504]], [[-0.9346873016466931, -0.04555302873924536, -0.605005037117585, -0.9124328351446505, -0.6354425766891972, 0.4406684188180485], [-0.27633403523351824, 0.013679253879663327, 1.6589034180556606, 0.9049777231404725, -1.2138127259675409, 1.641737935003157], [1.4504650258456235, 0.7554108575731721, -2.4129144061371957, -2.6110537453193454, -0.5274040753253559, 0.3101229955543841]]], "encoder_output": [[[0.030647175401534853, 0.025248663724636605, 0.6218956343060061, -0.013216818982989494, 1.8478120235403617, 1.2624123720006315], [0.35698679562398533, 1.5824263628849822, 0.2958278569394237, 0.007192849084785858, 1.1386555321231835, -0.012475029828279426], [0.4530808477543726, -0.03830202239162352, -0.7519525136409332, 0.3517732166332095, 0.9448588116683903, 0.020725787841954196], [-0.5520574571566881, -0.9762824806876904, -1.049578575052563, -0.9125523338185944, -0.07615178022929953, 0.7773840619324337], [0.7056367029529699, 0.24318868046715852, 1.3528945925803582, -0.007392694737610054, -0.6087532366376494, -0.703553125859638]], [[0.17640865358859784, -0.4072012591146658, -0.9668398658167662, -0.33216027319105096, 0.14625919874305857, 0.28202119124427194], [-0.616769533200768, 0.4143287641883316, 0.07969769166455234, -0.4537257102740741, 0.05312382545423559, 1.3200198520831765], [-0.8593366717092451, 0.9087822456648903, 0.027672761133063106, 0.7491907848652445, 1.0673209535292174, 0.7876506278369828], [-0.6831496984851552, 1.1619692218740107, -1.014904381581491, -0.17896784408594288, 0.7461339374088843, -0.45459812432551977], [-0.4508837358548398, -0.5090466192595416, 1.9325287587989863, 0.847295962654667, -0.19723034794094177, -0.5719689510572019]]], "expected_output": [[[-0.927000105381012, 0.97175133228302, -2.19303297996521, 0.5960643887519836, -0.49442535638809204, -1.42160964012146], [0.20568913221359253, 1.2681128978729248, 2.456645965576172, 0.8511170744895935, -0.22437334060668945, 1.2418251037597656], [0.7246302962303162, 0.8084559440612793, -0.18514907360076904, -1.4579432010650635, 0.17570900917053223, 0.6669087409973145]], [[-2.1856942176818848, 0.4272521734237671, 0.24339498579502106, -1.8680362701416016, -0.20493602752685547, 0.2234593629837036], [-0.6958361268043518, 0.5447189807891846, 2.227477550506592, -0.3304630219936371, -0.7139310836791992, 1.6215535402297974], [-0.002445518970489502, 1.4482625722885132, -0.49207383394241333, -3.812607765197754, 0.23146450519561768, 1.2503995895385742]]]}