{"enc_input": [[2, 3, 0, 5, 7], [0, 10, 8, 10, 1]], "dec_input": [[2, 3, 10], [1, 10, 8]], "enc_mask": [[2, 3, 0, 5, 7], [0, 10, 8, 10, 1]], "dec_mask": [[1.0, 1.0, 1.0], [1.0, 1.0, 1.0]], "output": [[[3.670073986053467, 0.9970317482948303, 8.992876052856445, 2.9238953590393066, 8.427560806274414, 2.8378424644470215, 9.181376457214355, 10.763989448547363, 7.006285190582275, 1.249485969543457, 3.957559108734131], [4.865156173706055, 1.985792875289917, 11.369049072265625, 4.817883491516113, 11.080835342407227, 3.7798948287963867, 11.282363891601562, 13.163236618041992, 8.709808349609375, 3.404820203781128, 5.084087371826172], [3.7641968727111816, 2.1681079864501953, 8.444402694702148, 4.061312675476074, 8.258230209350586, 3.573800563812256, 8.18939208984375, 9.157779693603516, 6.319296360015869, 3.4407596588134766, 3.1704955101013184]], [[3.103020191192627, 0.6150085926055908, 8.511175155639648, 2.608713150024414, 7.5188703536987305, 2.8456478118896484, 9.059565544128418, 10.268379211425781, 6.7719011306762695, -0.2535891532897949, 3.574697256088257], [2.2372469902038574, 0.3851972818374634, 7.7429704666137695, 2.1803927421569824, 6.682823181152344, 2.6304819583892822, 8.324544906616211, 9.101741790771484, 6.206273078918457, 0.31066566705703735, 3.0383715629577637], [1.912424087524414, 0.2606763243675232, 7.914899826049805, 2.3326778411865234, 6.943383693695068, 2.2481870651245117, 8.416473388671875, 9.251409530639648, 6.076799392700195, 1.1439778804779053, 3.237717628479004]]]}